patch_id,n_sources_in_patch,source_id,rel_x,rel_y,rel_z,line_flux_integral,hi_size,w20,central_freq,i
patch_000000.npy,2,1056.0,59.68842254437522,121.71115633513256,37.04017224215454,4.513845594065683,6.583567093242847,135.9326501088802,1415163959.3195913,79.47117492453596
patch_000000.npy,2,1068.0,118.1715018632144,44.74611391967597,94.62357960092717,6.765958095742295,8.017801244998916,117.87992498819447,1407091348.9734633,37.561081755674095
patch_000001.npy,3,1061.0,99.89849752345577,38.76456912518698,23.637373187346697,6.13806588109437,2.0502167741757007,50.545852273274754,1399188819.2850509,16.07534073153182
patch_000001.npy,3,1098.0,104.95191306806595,127.79079412831838,126.8330925512073,2.1157848846707865,2.3999061992882513,37.42487958766551,1385108600.189445,11.296926860295386
patch_000001.npy,3,1149.0,70.1648004698678,72.41127239791261,81.68457128851475,7.1078207230793,2.453550303623145,81.45316348896911,1391233726.2548137,26.95562053739832
patch_000002.npy,2,1020.0,20.684527968185794,35.09846340669388,108.91474227514851,1.9320191615069002,2.875770344241337,241.22256537304648,1370397910.9510882,71.64219980125549
patch_000002.npy,2,1048.0,39.85055593776075,62.33921046447662,24.912054233302285,2.6064649426317814,2.16471205773251,200.75490134236236,1381595079.8014355,43.95799559377314
patch_000003.npy,3,1039.0,83.55684159532923,88.08951996315486,124.50179417522531,1.4733872375803436,10.386649707581327,60.76037384079875,1351672939.5120046,32.7038813519092
patch_000003.npy,3,1109.0,38.692817650162496,116.17600078403004,59.16950851855171,15.930475632202969,2.9040331065164784,202.38557119353308,1360128981.763024,78.84516472786785
patch_000003.npy,3,1133.0,107.5327860735098,127.65578380868038,35.77265081302659,6.814098246371798,3.1862194693316175,156.9399311418255,1363183054.564218,32.39756019127833
patch_000004.npy,1,1102.0,78.90857617368027,94.50072217517847,65.63149103633896,5.260889870459258,4.154350540384482,55.21841004726394,1342839133.8870857,24.26963699672904
patch_000005.npy,3,1090.0,69.55852421175688,52.435789174505345,107.82393892171872,5.889539986812118,2.3457503685026557,107.6055503446129,1405253751.532524,29.36610233763687
patch_000005.npy,3,1106.0,74.07470876862982,93.69650337133211,84.0692045129264,11.703910364145584,3.3787063459152042,107.43818077111546,1408564064.9553707,74.08888613183377
patch_000005.npy,3,1161.0,98.6823215022052,56.12627395223947,52.0945984872297,2.1795892048015615,2.0457597928455145,246.4624870515759,1413044552.141164,56.36958129216089
patch_000007.npy,1,1122.0,126.269982316049,82.22732497427393,6.187734134701259,5.60076860909726,2.3272264124116973,93.31685341702239,1384115929.077541,64.80889741830498
patch_000009.npy,4,1023.0,78.91864528654322,85.1449291004113,88.93772512622922,1.0410809280234337,7.696187255125186,60.67627879405527,1339886892.8673823,17.824389379569077
patch_000009.npy,4,1049.0,97.70860698701514,8.301872456026274,75.51731357941946,2.0234238697775844,19.03351980685859,223.53855527806104,1341585292.3123016,79.19418634031902
patch_000009.npy,4,1089.0,102.37387936483884,71.54208486199326,11.491563137266212,2.1800965342215095,3.702590671563138,151.19645696721602,1349747602.7590868,46.372761025291005
patch_000009.npy,4,1115.0,45.08000671521391,115.9999396063995,4.923114919156774,4.404612284227124,12.330297602166809,209.29998347628734,1350590600.9572635,52.20935365268213
patch_000011.npy,3,1019.0,59.29509869585371,121.64663205972425,118.98810722533622,3.961965566657911,5.777462204619644,193.59570097606127,1386169024.631195,40.98772880051129
patch_000011.npy,3,1059.0,16.7298711213533,32.28590961184466,71.94854076379042,4.742220027749061,2.34964476821672,108.45755826907966,1392561683.3490784,57.686353176175245
patch_000011.npy,3,1101.0,92.35723060204846,36.3328819032302,106.3871185040716,6.931864192082199,4.334332262033657,295.11236504391167,1387875731.6418731,82.4502529502389
patch_000012.npy,2,1000.0,17.94110045128061,35.71159513376091,84.61040322695669,1.9751887409480555,2.085505391766083,94.3565055538448,1373618863.502235,52.810947976929555
patch_000012.npy,2,1064.0,124.78605933048986,92.36786322108043,39.73775623545265,4.848580710669551,2.7238724551070113,139.58481946033052,1379605604.4063025,47.99601546360334
patch_000013.npy,1,1086.0,118.73843842376613,31.138049365785037,11.093110118005313,5.503422439246416,8.048526301760791,273.5938114598663,1366419459.5981598,69.50949120097656
patch_000014.npy,2,1036.0,32.31079285919912,33.16691526501461,19.78889221911743,11.225679781341718,8.31727476726275,167.33841421949373,1348684222.154695,70.4842974693519
patch_000014.npy,2,1073.0,79.61349346861867,7.282896689994459,15.3622200004271,4.964133887423403,4.154033203322111,243.77939612565913,1349251333.1605897,71.44211967644878
patch_000015.npy,2,1026.0,41.82330466571442,101.1849622839539,98.15628616101743,2.4306353503635743,4.649816124416071,194.95526396278498,1406599096.6554856,65.6316529734986
patch_000015.npy,2,1143.0,44.16344184302474,99.69097694595382,37.95028807977183,1.5271105383420558,8.426412074042624,62.448165341828165,1415035649.9441473,20.726676875450348
patch_000017.npy,1,1011.0,105.84783208058438,81.86816242834544,102.91429298546149,3.505887055694896,5.215467012611946,97.58663881782581,1371191720.3155427,23.083561868235133
patch_000018.npy,1,1063.0,75.14783438807713,42.22208847408433,81.26191401689715,2.822848949089364,3.013076230417674,77.37737625666769,1357257718.6028626,18.086389945063654
patch_000019.npy,1,1032.0,107.12693327495172,72.42750866614847,26.090646306176268,1.5405723875690727,2.6541338716330167,141.53260235800843,1347877712.0766962,46.40218514460042
patch_000021.npy,1,1024.0,107.75847241443304,54.664740811980664,72.15314518064767,2.9734294943067727,2.146122183448781,43.097702731852976,1392533750.0164015,11.440700037489108
patch_000022.npy,2,1075.0,32.03455790229632,12.965277732785694,11.96058213468774,9.670397617117372,6.091740068229865,98.54433206770098,1383337752.066731,34.94819480771778
patch_000022.npy,2,1080.0,84.7963275088326,93.62338595381414,80.80581161794339,3.063089488486089,8.944790367424272,107.22103515869098,1374124441.2307231,37.506542986664
patch_000024.npy,1,1154.0,66.42654748265137,94.20519069615136,51.13588392475924,2.36366011995697,3.0347976332517144,167.73444719860743,1344681888.6062126,76.71026259598374
patch_000027.npy,2,1044.0,83.63079913254384,67.6226349940597,87.26691778455256,3.0362873362336544,8.170495018248229,171.94625708578374,1373266069.889106,73.16460113866748
patch_000027.npy,2,1108.0,99.41532794393913,112.10247539259942,114.83988336152629,6.175096610968765,4.2614541296176425,231.7030616912101,1369614965.5910032,59.35431983291267
patch_000028.npy,1,1037.0,20.075270343641506,58.66984241021322,123.60836359612716,1.4102551701764054,11.358283949407813,54.733139160107356,1351787868.2279701,33.15455867180267
patch_000031.npy,2,1051.0,41.63908122195872,79.59194252194649,119.64121203776432,1.8306282715481168,6.788873536376432,184.02760365165682,1386080681.01708,54.692900756529596
patch_000031.npy,2,1120.0,39.41045109044504,34.46848279006528,46.778038990626186,2.63530063286244,5.6456251140455604,96.34780579027124,1396006621.0357442,62.84082970487074
patch_000033.npy,2,1060.0,26.561125913153404,32.40644235689146,21.26763523084969,3.6205502703409858,3.9103031408416182,86.321043822051,1365083341.2402534,22.603824072381773
patch_000033.npy,2,1139.0,8.618267996512373,103.89063035961686,116.1967804843552,5.466341945069942,5.985229381327308,134.52840376673728,1352742030.1683903,76.82942002203292
patch_000035.npy,2,1088.0,102.66172161548752,19.247374895402572,122.7211115767839,8.011517290509879,6.104974366929062,62.43020652537436,1403185700.1133442,29.347084772644983
patch_000035.npy,2,1091.0,124.9169463710017,62.47950295053124,104.73998435416271,4.780045064900284,5.902047108468643,66.88513353320768,1405682633.2981434,40.39580402874518
patch_000036.npy,1,1029.0,59.38226103416142,126.06652234328158,24.418352720129775,6.194508340988477,2.287581587676736,74.47838501479232,1399081186.0303528,16.228206252856793
patch_000037.npy,1,1148.0,6.970397079114889,52.63317445275595,80.35710556232749,27.119816480215277,3.672662565950213,170.9747521842896,1374184092.6099908,64.65707185494888
patch_000038.npy,2,1021.0,9.756453001568048,90.1366264841734,93.6083455409331,3.385267700902725,6.253946520113672,134.6312034172827,1355658375.6105914,64.29411309223057
patch_000038.npy,2,1104.0,13.49666201015961,43.04029781304996,89.17068209157316,1.096514397961072,7.753375552641781,258.0105275059311,1356232791.4972298,71.82673392246102
patch_000039.npy,3,1071.0,70.21842855975288,1.7727336147526103,50.38391916757587,3.495634167353455,7.535766321049245,161.36539164084834,1344777620.1567407,78.08408677639905
patch_000039.npy,3,1078.0,93.57963447614179,67.86711732480632,23.446507183718268,12.403784218387347,2.088022005262692,45.91688667401879,1348215996.3808649,20.806407201492483
patch_000039.npy,3,1124.0,31.049527230661425,120.48541190796601,11.814624163088638,5.386539805900217,4.339923857061972,118.83183556589941,1349706168.0834754,55.16163487077765
patch_000040.npy,1,1125.0,7.333537814766714,7.841045524063134,103.84828477932135,16.109584126542877,3.8965357733860957,103.5545641196385,1405806689.6548052,63.698703679976376
patch_000041.npy,2,1096.0,61.00141607771005,124.79390547752797,104.64956478929992,3.242500192111401,2.3924926652438043,57.26116996920074,1388111399.6981168,15.433638061108587
patch_000041.npy,2,1179.0,28.275895514897485,109.56402855061094,48.36249732182526,3.4716522596907393,2.0727968637739655,208.35285131900557,1395789262.9845064,69.5163757795139
patch_000042.npy,1,1127.0,68.47251168816686,40.13321296755862,113.92569577774947,1.1800195829826097,3.0635970177736143,193.02006266577442,1369735707.5358186,48.94313293470244
patch_000043.npy,1,1146.0,12.415834172946205,53.28443116332943,126.00269149214256,2.0295793959068757,4.458432538422428,163.05008715579396,1351479911.7509456,80.12541919214905
patch_000044.npy,1,1144.0,77.57614249041882,38.21186653742353,100.0455658975934,1.8645244277770536,8.33817859643971,149.39042897684087,1338484406.4037511,45.84801992827778
patch_000045.npy,2,1054.0,22.862423554254946,67.79445317242016,25.77515439517756,18.213317573602925,4.556243287216828,147.1715565488037,1416754045.573535,38.66740081237455
patch_000045.npy,2,1141.0,48.75571654125682,8.991259926214752,106.80597252663912,5.895180403080301,4.314476244216149,212.35588514519185,1405395289.9274936,55.86461502039815
patch_000047.npy,3,1132.0,47.36664599586794,25.594524024082602,96.95948871760345,8.919378717872227,9.755657254474592,140.02243721135983,1371980400.9162045,68.71203583414334
patch_000047.npy,3,1138.0,55.13569661167975,54.37394454227092,51.136609877039746,2.4616463237479698,8.593680034361732,170.56117543564318,1378079872.9676921,83.32483510189158
patch_000047.npy,3,1155.0,108.53286028449378,35.63543809932412,49.175162279560766,10.531353785378068,2.324787120339823,144.1970003693701,1378342171.416132,50.87500981678457
patch_000048.npy,2,1002.0,30.48969980100057,29.300078400071015,69.80696441668272,19.432877171646453,2.2949477013731796,51.715692447380576,1358744958.496809,17.55548088722704
patch_000048.npy,2,1041.0,15.119277891130366,73.98062082830847,22.191917113586896,1.7903073242936913,7.325402080369044,156.04126025466334,1364962094.0240974,59.719353930081105
patch_000049.npy,3,1047.0,5.538548199068487,84.95418144579048,93.05918694429477,3.4804930011692985,3.097521102630722,154.49975442808602,1339366170.3921814,53.41663386532521
patch_000049.npy,3,1081.0,40.94969448858319,27.41306217046599,16.86159769411813,1.5200833923892336,5.693504552379338,210.9922611534859,1349059191.0820415,81.59680572887993
patch_000049.npy,3,1156.0,70.15343000499414,15.520693855234185,75.58877515732968,5.701340108987137,6.912735819159439,151.5290772439412,1341576237.2003279,62.93208463072329
patch_000050.npy,3,1034.0,73.75859995347201,72.7193033159048,71.12320369730756,3.5205883277696897,4.566954621266063,138.96531276025823,1410374714.191304,34.721617143574846
patch_000050.npy,3,1038.0,37.31564544287818,15.851724928332082,20.544222986958204,4.924932632765986,2.867402595483686,109.2943671357857,1417493620.4977903,68.38159429455963
patch_000050.npy,3,1099.0,95.76797933048812,19.863351491220556,54.04556936200304,8.94416616750199,4.043058730243312,279.5431245699682,1412770353.1884174,72.89771531950764
patch_000051.npy,2,1111.0,71.82644013358077,21.94544643351037,123.3029388436056,8.426869878940233,9.477137538525719,57.37120637824534,1385585578.2174635,21.820430526485886
patch_000051.npy,2,1181.0,67.34105952543939,126.84766399657218,53.34400131271414,1.0612593618675616,4.461608571167769,84.44218516281177,1395106334.5044255,31.32873942786047
patch_000052.npy,3,1135.0,125.67133829115215,78.54431211963112,70.04586532554362,5.838536755916177,4.891259030572309,169.0645833521765,1375556306.3782883,63.903888391914876
patch_000052.npy,3,1157.0,25.345595916066316,53.103928601299046,73.08358475468856,8.712732176057742,3.4737338097568773,265.7399174952069,1375151763.798738,73.0778917355541
patch_000052.npy,3,1163.0,1.748446173477305,80.28391941937043,24.07565445564751,3.804605571284604,5.7467905712287095,99.51351683920726,1381707488.1004012,30.385111536424407
patch_000053.npy,1,1055.0,1.0535131947020773,36.073166441245455,83.43951960898505,6.084674173574228,4.472173811249997,69.75380024090667,1356975359.9618216,21.844928659900418
patch_000054.npy,2,1119.0,24.686565382663503,37.081446186950565,1.1175389154338973,5.613487812264137,5.944177415833779,178.9452431158719,1351079492.5883932,66.32235673141042
patch_000054.npy,2,1178.0,64.8624344262318,124.01960544188648,105.7312004784826,3.4348168010975484,4.603077659209006,201.9861898816724,1337767668.2340481,42.71047670107956
patch_000055.npy,1,1003.0,20.074056795214403,79.29225951735768,84.1220218224581,3.4566894921084517,2.472228222551416,60.665016366764334,1408556687.3607666,22.51579972891414
patch_000056.npy,2,1052.0,61.326205701307856,65.13017995737133,50.40785767302111,6.793168234388358,3.077060220396011,95.78861401045411,1395508777.8578484,62.38973846241862
patch_000056.npy,2,1134.0,95.79663335554017,117.24078060894357,49.46652340591913,3.7719324742138913,2.912880918682756,256.22026526665604,1395637851.2603126,75.92096359805099
patch_000057.npy,1,1077.0,9.628285823693545,114.80736051497388,21.21193392397697,4.811851918249426,2.230439234391333,32.35978823575324,1382092497.5881763,18.027314797129065
patch_000060.npy,2,1043.0,15.474373198990918,42.837182384781556,21.513896887815598,8.727358597320276,7.789655684522581,229.24243094922238,1417356464.9160519,58.46982882706889
patch_000060.npy,2,1170.0,33.964464439960636,78.00854369582805,66.37539883975307,1.594760574023757,4.019854665312443,69.1717135140284,1411039917.271231,32.56936899132778
patch_000061.npy,4,1015.0,1.3964585773562135,49.567432394049035,42.06820005421753,1.1816439909250738,6.954837282415717,116.76244576574824,1396653122.731692,56.153141814277824
patch_000061.npy,4,1097.0,29.277406776732334,52.698894228773156,116.17715253907087,1.5845392813497634,2.5434404902566197,69.97427607021768,1386549382.980892,34.77433156608236
patch_000061.npy,4,1153.0,37.83208786212788,88.11948292266044,70.58659510471549,9.782442563867814,4.296581648386189,148.42090727500874,1392747649.6417549,37.988040427538934
patch_000061.npy,4,1166.0,63.32251820396783,123.54853390027728,17.449491494919698,9.670916251937552,3.7908902357551035,97.46391551415333,1400042208.2735193,39.44439395758018
patch_000063.npy,3,1066.0,18.567567230695886,6.488234266408654,96.70921410563506,2.365427819261911,11.804691041332545,96.70507886197477,1355257284.581776,34.584108178855544
patch_000063.npy,3,1084.0,86.5986590554133,8.364194178562457,69.85354820891314,21.413545804346004,9.322104642309194,237.43103741709672,1358738903.7446022,62.237664794229055
patch_000063.npy,3,1151.0,65.01655733266495,41.385973567268536,98.51872686078462,10.416733441007848,3.2654450216882696,102.59923800081263,1355023337.4354017,28.174931168879542
patch_000064.npy,1,1083.0,105.58116109674052,107.26154471733696,46.55963194302501,4.076934127743472,3.6167511088836726,111.09908164747651,1345264695.6719527,31.151622789414347
patch_000065.npy,4,1008.0,111.93590007156337,39.135085268119155,18.94007522638541,7.156641867423227,7.39674494220132,59.74720274978299,1417720577.5610998,12.723358192554528
patch_000065.npy,4,1045.0,60.03011076042657,71.02418520778849,120.62109028226294,18.349486285715376,10.768788263810672,126.31200124538051,1403476860.094942,69.76053682093118
patch_000065.npy,4,1094.0,0.979580819065859,55.42751913181206,87.36991398525385,9.753834167087614,2.4292365367449595,75.02103602647402,1408103165.7525833,19.231959363064178
patch_000065.npy,4,1095.0,36.951046296881884,31.771524465867913,113.05052202168879,2.2904420883000727,3.5585086347563974,65.90459937360569,1404527494.3569136,14.468776236271761
patch_000066.npy,5,1069.0,79.69122760371334,99.7738918252254,24.120304658308726,3.2848829135139965,2.296656722049012,242.06731136819707,1399122260.5471346,68.11993246158555
patch_000066.npy,5,1070.0,35.43414681854989,4.346844621436446,103.25010372611916,2.709349541970834,4.3674796085231105,22.396138462378474,1388301269.737021,12.77699533880606
patch_000066.npy,5,1072.0,88.2405555619494,84.72911263736529,13.679905760018329,7.773515354011421,4.791012828296733,167.3270476061875,1400562593.3759487,50.32405615652298
patch_000066.npy,5,1082.0,102.34198260521492,96.85442522924507,106.5204814117863,4.545786093000055,2.101052489539437,224.62090633650652,1387857646.6574857,76.86561780284389
patch_000066.npy,5,1131.0,0.6516943920983067,2.801711758428553,1.8627548710175859,4.617598166080079,2.3189015320602864,36.122742441419796,1402196441.7207801,12.312847480382114
patch_000067.npy,3,1009.0,112.62785844148164,85.54953512565987,45.59264093388413,1.526501691917232,5.900007043891682,259.10207141668,1378821508.973232,69.77560301519497
patch_000067.npy,3,1025.0,105.31389575239137,94.92387642314776,0.1495185660770062,10.168722089116258,3.5053707481188474,90.63767321556342,1384930814.8528125,55.810014338047466
patch_000067.npy,3,1092.0,107.88989600198096,42.824236724964976,50.55739713078327,4.243526197344563,5.397892074572154,258.39769906462703,1378157318.9466963,71.71749626250636
patch_000068.npy,1,1177.0,87.63742767015913,77.30296217799224,95.59525820196154,6.206913851846171,4.585519433938424,68.6474288452853,1355401345.1886942,31.648451732198097
patch_000069.npy,2,1006.0,67.53103647121594,18.71533430296438,68.16694696903016,6.358874068924391,5.050285514178727,248.49103393264357,1342517332.778868,65.05487116718245
patch_000069.npy,2,1185.0,113.38201913458431,52.43526691312013,22.15861207186458,9.314892583980482,3.203850600560858,164.70953305687448,1348380827.84538,49.99417825832968
patch_000070.npy,1,1079.0,38.642221139531955,93.74552253698107,69.01119282563243,2.1120521130924144,7.8188479356343965,279.35863094270627,1410670545.2984965,75.9030883166699
patch_000071.npy,1,1123.0,55.728962004668915,80.18499184849168,119.66118502885317,1.9444827453885742,2.2891064206927427,230.93918712825248,1386077979.505331,67.47499093192494
patch_000072.npy,1,1173.0,107.89922530725829,72.42300237622635,26.19605628956566,2.5559987648920584,2.5250644018313744,96.63555430646355,1381422551.3927495,37.8211291662294
patch_000073.npy,3,1014.0,74.80776665071733,40.32178102547596,19.208389413446582,3.3592420383341524,11.242424119500118,123.79432539178389,1365353550.3964708,27.693223040662758
patch_000073.npy,3,1130.0,65.19878362600735,108.56494446326917,37.62121519027903,1.3726770403201107,5.540457355695501,102.86373064997903,1362941256.1355176,57.53704835134306
patch_000073.npy,3,1162.0,58.307116903507904,34.391718990191634,104.32233742234325,4.143666000652466,5.214638088681114,255.16383911368996,1354273548.5273857,77.9683944258464
patch_000074.npy,1,1058.0,63.36924592794031,93.4531286926009,104.33945890966424,3.6752773362177305,4.2909679152514615,167.41334302728535,1337943041.9474177,71.10272441167453
patch_000075.npy,2,1121.0,104.90387044450478,46.23539102291693,50.56229254128239,2.023224072690877,4.697522938660737,206.3438959519688,1413259984.522568,78.54397906250271
patch_000075.npy,2,1159.0,73.60299507037143,51.007889806926336,90.18083384161538,3.6468350471176736,3.467141036339216,161.98430537161516,1407710896.752295,74.9746521646694
patch_000076.npy,1,1050.0,76.5823367597248,37.30480011811186,96.8200262550188,2.3533633950966717,2.2508843086592463,131.12276078818164,1389174330.0642164,58.93635410527719
patch_000077.npy,1,1110.0,91.38853306498515,46.146563405215346,35.19211712343014,10.266511262304784,3.6436749332177385,60.79814754646083,1380214978.823103,29.03409258936512
patch_000078.npy,1,1016.0,17.200087832289853,89.23216205561081,57.662810411977034,2.8265698661000362,3.8684310712129726,149.80334842779612,1360325243.9674957,30.18297501478142
patch_000079.npy,2,1145.0,50.91876615281751,85.61885793010849,80.29830704723804,1.242431966798038,5.814529598211903,238.71989975033836,1340979747.5727997,66.83617424620036
patch_000079.npy,2,1176.0,23.72479562056276,17.26857261667914,29.898715421972156,4.0734906506361055,7.340412127892775,203.87801989648315,1347390815.7759643,74.7487545552268
patch_000080.npy,2,1004.0,100.56497569639492,15.401886634346397,18.881049940499583,1.0332131185179576,4.251686940315973,32.62742670865293,1417728929.9271953,15.14615421923349
patch_000080.npy,2,1114.0,20.420006267846873,95.10680631938132,90.09964975621341,14.657862672710348,2.991397933490876,180.917212591452,1407722223.0746934,40.90343960068958
patch_000081.npy,2,1018.0,61.313895864605115,50.148355556818586,27.806280015099333,5.819135572732335,3.6548651919698143,134.59215463455547,1398614459.3907008,31.87472176467217
patch_000081.npy,2,1150.0,25.91736150176638,26.858963016416993,104.1034810918722,8.961717823570066,2.023892095027879,72.89590172940444,1388185482.7062674,19.932151661608323
patch_000083.npy,2,1085.0,17.065902004768475,37.245768505312554,126.02904155875774,3.934863538048777,3.7788629278961414,181.89222684145966,1351476523.4077199,61.58016112079771
patch_000083.npy,2,1140.0,65.40371007927729,55.07705318674218,70.77700760223314,11.69785272093596,11.763224580806435,83.68168029548887,1358618887.7745993,32.28519200421101
patch_000085.npy,1,1001.0,107.77739221651137,65.6631747128925,48.89923100758475,3.550643334848112,3.444076343669126,261.7861830261293,1413493874.6495705,72.00311647594901
patch_000086.npy,1,1057.0,77.81894106416473,95.63866512449232,103.82631117503254,8.194761357902959,4.3550648339277895,170.8365518455555,1388223087.259267,40.65219726635787
patch_000087.npy,3,1028.0,100.4842124762518,113.0160129480945,91.61967743718492,16.757357895395785,5.186324757919982,67.18339796949235,1372688401.0794978,19.298892975323987
patch_000087.npy,3,1100.0,107.01327739344543,82.17545738182389,111.43943456346142,7.043021353615296,2.723189004657715,177.4118188831641,1370064189.8756447,68.435382463356
patch_000087.npy,3,1105.0,103.95582706795199,69.46001933379802,63.377023690769704,8.738302518276955,2.0555717638752085,122.5851081132302,1376445252.2076626,63.97728311764458
patch_000088.npy,3,1107.0,87.23983459408464,32.60706726034715,73.83624539114788,8.112420332955416,6.406742596073856,184.26686451324895,1358221450.0881903,39.04982676304748
patch_000088.npy,3,1142.0,29.905569368682848,117.65050038854355,60.2834440378507,3.6026972207276957,4.727367709577874,272.82893070932226,1359983917.1454532,80.32227044795395
patch_000088.npy,3,1158.0,7.426370263244166,124.41950974012809,57.39078355527039,2.087705581817355,8.759421586695787,127.75476436745208,1360360684.169657,38.91292937655666
patch_000089.npy,3,1010.0,101.44385646400929,123.02536027249585,27.82194910465762,1.0903538699831374,4.369973189899361,72.06614078065195,1347656305.6367962,41.140388280933756
patch_000089.npy,3,1013.0,16.57697338377585,30.060854047108194,69.42231695697899,1.2200598820201276,14.764818185267533,215.52358723740824,1342358057.7856402,49.54068396217436
patch_000089.npy,3,1017.0,71.79553112996058,115.14127703116509,103.06414850672513,2.626092646760438,4.23705338098441,212.30649860338147,1338103784.5162864,71.266688780766
patch_000092.npy,1,1022.0,28.785165792118562,64.31845771806235,127.4827616261706,2.302475709129787,7.743780093909515,44.17685666797758,1367947329.049688,14.185241476077756
patch_000093.npy,1,1129.0,76.31567788964702,87.35151713072207,62.483103416369545,2.5812127956150457,8.956482530295869,28.461344939268326,1359697552.696445,10.566256058347086
patch_000094.npy,1,1167.0,107.44297445124766,25.586043435329884,4.94454874815824,1.3979491337345387,4.334920360949933,50.79227223463828,1350587848.415605,16.793634576134085
patch_000095.npy,1,1168.0,4.566834483532432,54.18208622313034,82.53982318480777,9.811339673577747,2.917827869117671,192.62130771369232,1408777724.5707235,83.01194965075379
patch_000096.npy,3,1116.0,69.53444820535668,109.63463404531149,73.17323216797524,4.380106140109088,3.2049557189944506,148.90485796109897,1392394500.7824676,72.32763541344815
patch_000096.npy,3,1169.0,91.94563219070255,56.28852738006947,50.03715331382031,9.080690297271946,2.702676663647953,235.1207096865628,1395559605.0634742,61.1132105828587
patch_000096.npy,3,1180.0,29.207449728782194,38.81389514173725,124.91112190654553,2.1441513061831365,4.7985935098049275,102.0722205306669,1385368247.2338386,25.576063882053255
patch_000098.npy,2,1053.0,109.36438106252234,72.01314449205415,63.63395788281548,4.200442147641053,8.015206050192706,233.6225146426344,1359547775.8179817,58.22543316485038
patch_000098.npy,2,1184.0,109.28010472754733,49.91867651818143,72.6693678562155,10.17666748486698,4.067187503616719,123.56168811087647,1358373016.3318782,35.26205584811056
patch_000099.npy,1,1093.0,40.4007665215064,33.620171892187386,16.27482508484536,2.198412046735304,2.48480256880352,191.677280463283,1349134378.2323363,52.928151437447085
patch_000101.npy,1,1103.0,60.699168742671645,60.09085313828549,79.58109127845464,2.9674069995967507,5.456852398258318,150.93616406860826,1391520418.3032362,43.27973202552889
patch_000102.npy,1,1165.0,66.01920006496152,101.34746984173819,88.85386356270732,8.145001386476457,5.8138319656222714,129.89237923301476,1373055404.8743427,46.565358798108534
patch_000103.npy,2,1074.0,46.59510903967339,51.15053199672333,123.4541979434465,7.030820420204157,2.323888110156549,165.32993581968597,1351807701.6961982,33.463215874370576
patch_000103.npy,2,1183.0,99.26541276767546,82.46769205244304,24.00465836814533,3.582473497846256,3.6678756084586635,119.96079489418983,1364724361.3193223,26.52344417578168
patch_000104.npy,1,1136.0,100.81411993391305,108.06190843193083,69.07375911364704,3.6429166015609393,6.949845630469866,166.71356277130795,1342402277.2514765,36.00196151236784
patch_000105.npy,1,1030.0,79.39173470973037,89.40155730587747,42.37072732950388,1.6876068778701128,3.8180457562599583,143.76778163631184,1414412781.1717606,46.451595980275634
patch_000106.npy,2,1031.0,81.04734865601245,60.19225583998204,100.33112767202522,1.0857954705682211,2.1572633209860803,101.56447758893492,1388697465.178061,24.6823855875818
patch_000106.npy,2,1137.0,35.38036617158002,70.8723859000149,58.96384518352474,2.921855005381053,11.68809744148618,242.88903311205252,1394336695.983837,59.123549770111865
patch_000107.npy,2,1065.0,67.59652254550542,127.31379978184836,55.413964042809425,3.614007849131859,8.432187579023147,84.79158059960687,1377508221.4264042,57.43848780988487
patch_000107.npy,2,1117.0,81.09546989730484,8.616393160996353,2.794829019713802,1.6685904107168992,2.1893955921962465,55.72918381749503,1384573699.6143122,12.240880377138584
patch_000108.npy,1,1076.0,106.69512911672837,3.2980866241514093,51.59253706711229,5.5007295049160465,4.195842348571403,46.09947430885622,1361116530.7142205,13.382454426486756
patch_000109.npy,1,1035.0,71.99382806149538,97.56896272653663,51.24097187496034,8.235956573245202,3.853463790655107,227.37106909732245,1344668511.0960598,81.96543452699518
patch_000110.npy,1,1152.0,37.50808037034449,54.92562057851853,56.160422416297735,7.3809167793333526,4.833009393383907,174.85331045212976,1412473241.6099467,57.54546444146106
patch_000111.npy,3,1007.0,109.68329111127207,117.50642948727136,26.097519564735137,1.711814580561362,4.25502253478177,186.43532557135882,1398849822.215305,59.62601688584465
patch_000111.npy,3,1067.0,17.52865737745367,18.99921184468394,59.82742871218045,4.148891825052682,5.457603137882806,180.1489268658236,1394218503.3453696,75.00186312073575
patch_000111.npy,3,1182.0,56.66203748177338,21.173965502587066,64.11983404590035,1.973738119162787,4.0572010474709606,157.79704238340076,1393631329.034473,43.97079308049794
patch_000112.npy,4,1033.0,26.959695219197442,115.75686505514943,106.65057264389873,13.26382005942476,2.6784474461478864,67.1655285187567,1370697333.7011802,13.160431655589324
patch_000112.npy,4,1062.0,14.639570969938745,49.87121038542739,64.45080615561778,13.758583553177674,2.0995914342684383,168.8267109912337,1376302041.140297,56.901212040029215
patch_000112.npy,4,1171.0,19.712678581934597,22.56215624694022,125.98831798866422,7.005741151444596,2.362984409242246,115.63391804601052,1368144239.3254201,38.51691401594704
patch_000112.npy,4,1175.0,47.82648711034017,70.49930526784482,112.37632685973301,8.561856276675623,4.7419704075365985,103.99038115490234,1369940390.1075394,30.972483791704665
patch_000113.npy,3,1042.0,47.84189270952845,120.70772542984525,102.49632320334922,6.898193927068531,7.972058748709227,63.95238806824623,1354509368.2597158,14.133966124639162
patch_000113.npy,3,1147.0,83.41983252107582,34.94101830383016,26.574699420209754,14.17824351818664,2.948057024319625,158.17070470839,1364387454.1134658,62.14560235444687
patch_000113.npy,3,1186.0,50.24022002607933,103.26662364071291,32.4449804280751,4.302570095766452,10.243430202143152,116.32355873184792,1363618541.324669,61.32158322886404
patch_000114.npy,1,1160.0,66.86904507224335,13.237561457291918,60.83830227484668,6.783422332371536,3.124283863965133,88.34290653588243,1343447909.0580494,21.559288237026315
patch_000115.npy,1,1174.0,44.573784522115034,11.890482723867308,47.08610946357778,1.71244569936116,10.289166556304787,294.7549085262486,1413748957.1847975,81.84184546515395
patch_000116.npy,3,1040.0,10.936190502783575,62.47269678809221,101.39754540026422,12.845429427228387,4.594534910525432,84.26387701954991,1388552693.055416,52.94739092057953
patch_000116.npy,3,1118.0,68.40062532086847,73.10497000572747,103.66163728887065,5.277520958655105,3.8946338901537625,142.78434956998893,1388245430.0710938,54.22767351725785
patch_000116.npy,3,1164.0,69.87200524064815,84.69526801231996,75.92449957467346,5.198361432866809,3.843102475377935,173.3021012287679,1392019071.739708,66.55792778722163
patch_000117.npy,2,1012.0,69.93270854926038,101.06556128736355,121.67818628974993,1.9038615971539108,5.784755702178804,188.48118535978395,1368712466.7987287,72.74203948348976
patch_000117.npy,2,1087.0,5.111757843677083,7.184537654602536,62.529148171332565,6.036455944041532,2.3675369356978226,80.25622573402532,1376558354.9780703,26.309730252182202
patch_000120.npy,1,1113.0,78.21623306982997,82.5661845789034,86.67272907828624,4.161733407410465,4.920979280301846,34.48891951527509,1408200493.0180736,17.20603528132626
patch_000121.npy,5,1005.0,6.6838552186789,0.3902858389154744,21.730548988382907,3.6145252056891977,2.9773420754416806,180.55416550458247,1399451684.105615,69.05693910410778
patch_000121.npy,5,1046.0,14.4646624320427,6.813649344188889,28.765052595607102,2.2410512209461517,4.041656416008206,218.26047324874335,1398482433.7715766,76.30089179074365
patch_000121.npy,5,1126.0,50.16555059053269,83.71259082425365,20.537235718674964,13.336896174224927,6.325187361190061,119.01277138209383,1399616238.289747,24.372870648832652
patch_000121.npy,5,1128.0,31.00480844773824,48.16203495939635,110.32457946723673,3.01404663373283,6.185380601782118,99.86370048245736,1387341981.5665898,58.44331251940952
patch_000121.npy,5,1172.0,19.465871269134027,23.078122958124823,67.88481785635761,3.0169870258778655,2.797990478826848,202.5438298565591,1393116709.7066464,80.22355962599757
patch_000124.npy,2,1027.0,54.740732541457646,62.73536173200205,27.098237900345225,15.921996381371548,4.132134982153818,109.8258461159387,1347748848.086438,47.3645997321836
patch_000124.npy,2,1112.0,80.2157840065961,10.987326991632699,64.14262811376477,7.287357030027307,4.4885895810322936,67.43662342095085,1343028172.884358,33.80089095522902
